subject_id,y_true,y_prob_transformer,y_prob_linear
3,1,0.839751,0.996708
8,1,0.602980,0.847230
18,1,0.546142,0.839233
23,1,0.616018,0.968566
28,1,0.578126,0.701482
33,1,0.485986,0.491223
38,1,0.318744,0.004341
43,1,0.679409,0.900496
48,1,0.433616,0.018979
53,1,0.634359,0.079547
58,1,0.726924,0.367365
63,1,0.585049,0.974412
68,1,0.395410,0.030647
78,1,0.592921,0.863701
83,1,0.712751,0.997929
88,1,0.317993,0.234685
93,1,0.630615,0.027804
98,1,0.711075,0.996321
103,1,0.656550,0.922355
113,1,0.749809,0.947810
118,1,0.446638,0.132685
123,1,0.713387,0.306525
128,1,0.507904,0.870617
133,1,0.707350,0.971644
138,1,0.521174,0.059333
143,1,0.632434,0.921167
148,1,0.756529,0.717273
153,1,0.584017,0.994078
158,1,0.725946,0.998440
163,1,0.537794,0.018526
168,1,0.707470,0.900716
173,1,0.712591,0.999562
178,1,0.675676,0.882727
183,1,0.581204,0.963512
193,1,0.618928,0.988356
198,1,0.595590,0.868544
208,1,0.600604,0.798029
213,1,0.452067,0.079281
218,1,0.595776,0.961813
223,1,0.517970,0.973622
228,1,0.556224,0.261980
233,1,0.683148,0.989177
238,1,0.623177,0.939252
243,1,0.463423,0.001951
248,1,0.643927,0.830848
253,1,0.621868,0.133684
258,1,0.647933,0.214620
263,1,0.555907,0.548306
268,1,0.668217,0.543083
273,1,0.501663,0.710233
278,1,0.520053,0.988423
283,1,0.596173,0.844251
288,1,0.406078,0.089131
298,1,0.600984,0.910541
303,1,0.569956,0.299563
308,1,0.725606,0.999968
313,1,0.536259,0.933611
318,1,0.761356,0.999303
323,1,0.512063,0.986456
328,1,0.472717,0.905516
333,1,0.584123,0.148802
338,1,0.617507,0.153621
343,1,0.656651,0.920042
348,1,0.420417,0.030341
353,1,0.611752,0.802553
358,1,0.698308,0.999495
363,1,0.666316,0.858444
368,1,0.646978,0.892031
373,1,0.547578,0.139924
378,1,0.740462,0.427077
383,1,0.630716,0.949467
388,1,0.666540,0.723724
393,1,0.726804,0.999783
398,1,0.560522,0.982051
403,1,0.520168,0.240747
413,1,0.461572,0.123170
418,1,0.529704,0.959604
423,1,0.666978,0.995635
428,1,0.416935,0.001843
433,1,0.561066,0.695981
438,1,0.533097,0.934305
443,1,0.440899,0.128362
448,1,0.468368,0.432206
453,1,0.483880,0.368163
458,1,0.527891,0.755478
463,1,0.539673,0.133524
468,1,0.580517,0.692541
473,1,0.493305,0.002454
478,1,0.681184,0.692573
483,1,0.509736,0.064914
488,1,0.582032,0.153493
493,1,0.593382,0.996351
498,1,0.671446,0.978426
543,1,0.604873,0.999254
548,1,0.427665,0.336391
563,1,0.493300,0.489362
578,1,0.489037,0.053308
583,1,0.614691,0.991644
603,1,0.595458,0.442139
618,1,0.533883,0.983005
623,1,0.747676,0.999813
643,1,0.406390,0.245773
688,1,0.720353,0.423249
693,1,0.806997,0.004220
703,1,0.499187,0.006798
708,1,0.582152,0.657164
713,1,0.508314,0.710783
718,1,0.411682,0.010415
723,1,0.629415,0.973271
728,1,0.554192,0.949921
733,1,0.704591,0.997145
738,1,0.581249,0.288590
743,1,0.545726,0.601532
748,1,0.676850,0.867950
753,1,0.582611,0.829494
758,1,0.726146,0.764406
763,1,0.649024,0.909959
768,1,0.543304,0.965779
773,1,0.376261,0.025603
778,1,0.579999,0.002679
783,1,0.527207,0.503277
788,1,0.611089,0.932711
793,1,0.534787,0.339373
798,0,0.645742,0.967074
803,1,0.549604,0.105247
808,1,0.452681,0.084993
813,0,0.529041,0.470879
818,0,0.246371,0.000666
823,0,0.337344,0.016319
828,0,0.438939,0.047016
833,0,0.450920,0.007922
838,0,0.546126,0.136103
843,0,0.549314,0.044853
848,0,0.478324,0.123833
853,0,0.635178,0.702496
858,0,0.406872,0.051745
863,0,0.588297,0.004635
868,0,0.573695,0.108634
873,0,0.506807,0.060182
878,0,0.554709,0.032706
883,0,0.475492,0.750318
888,0,0.440723,0.990733
893,0,0.525807,0.285768
898,0,0.247020,0.000057
903,0,0.440923,0.002470
908,0,0.320356,0.001627
913,0,0.451258,0.726012
918,0,0.303793,0.011415
923,0,0.427442,0.026674
928,0,0.357516,0.000091
933,0,0.470581,0.007469
938,0,0.409364,0.001723
943,0,0.387784,0.179405
948,0,0.377744,0.071478
953,0,0.517903,0.211239
958,0,0.538939,0.758563
963,0,0.513645,0.999744
968,0,0.355652,0.146131
973,0,0.443375,0.148440
978,0,0.467415,0.009940
983,0,0.341475,0.242162
988,0,0.345945,0.001307
998,0,0.531784,0.463637
1003,0,0.503516,0.539106
1008,0,0.366270,0.000055
1013,0,0.547695,0.988436
1018,0,0.357291,0.004369
1023,0,0.538913,0.140331
1028,0,0.608123,0.542714
1033,0,0.522934,0.117060
1038,0,0.558241,0.010219
1043,0,0.425414,0.018636
1048,0,0.364913,0.042518
1053,0,0.563786,0.667246
1073,0,0.377585,0.007258
1093,0,0.210811,0.001365
1098,0,0.276978,0.003325
1103,0,0.476936,0.103950
1108,0,0.637877,0.989556
1118,0,0.325337,0.017658
1123,0,0.361949,0.201601
1128,0,0.583156,0.590929
1133,0,0.452292,0.074668
1138,0,0.480045,0.064089
1143,0,0.419183,0.002094
1148,0,0.432341,0.095888
1153,0,0.408424,0.138924
1158,0,0.538368,0.798963
1163,0,0.596255,0.571131
1168,0,0.400991,0.553578
1173,0,0.295280,0.002318
1178,0,0.491681,0.000006
1183,0,0.507795,0.021679
1188,0,0.398424,0.003848
1193,0,0.343885,0.000856
1198,0,0.292790,0.001088
1203,0,0.635946,0.411005
1208,0,0.454562,0.050321
1213,0,0.396506,0.002694
1218,0,0.444196,0.001293
1223,0,0.607623,0.560568
1228,0,0.534579,0.023842
1233,0,0.439042,0.012545
1238,0,0.352585,0.001169
1243,0,0.230925,0.000017
1248,0,0.445035,0.003546
1253,0,0.356695,0.085988
1258,0,0.481140,0.112989
1263,0,0.336605,0.002154
1268,0,0.282769,0.000073
1273,0,0.348145,0.012866
1278,0,0.440785,0.049219
1283,0,0.609694,0.500170
1288,0,0.442473,0.016994
1293,0,0.363711,0.152960
1298,0,0.523932,0.013616
1303,0,0.262802,0.001704
1308,0,0.552075,0.880060
1313,0,0.353704,0.003889
1318,0,0.297089,0.009706
1323,0,0.421165,0.013333
1328,0,0.467327,0.008617
1333,0,0.448358,0.033883
1338,0,0.354720,0.344470
1343,0,0.455643,0.196986
1348,0,0.417000,0.014438
1353,0,0.365848,0.010325
1358,0,0.377828,0.616192
1363,0,0.357445,0.004812
1368,0,0.445583,0.337343
1373,0,0.349916,0.000953
1378,0,0.543662,0.473092
1383,0,0.619737,0.768153
1388,0,0.377076,0.114762
1393,0,0.366589,0.058955
1398,0,0.440753,0.028275
1403,0,0.370621,0.014036
1408,0,0.394063,0.004092
1413,0,0.395846,0.000269
1418,0,0.535334,0.191267
1423,0,0.314122,0.007813
1428,0,0.538854,0.114140
1433,0,0.512114,0.162736
1438,0,0.476813,0.002396
1443,0,0.487208,0.025741
1448,0,0.436815,0.009469
1453,0,0.378206,0.150361
1458,0,0.622993,0.465518
1463,0,0.561743,0.510815
1468,0,0.338166,0.006363
1473,0,0.361635,0.291011
1478,0,0.435584,0.043849
1483,0,0.347533,0.085596
1488,0,0.270818,0.019939
1493,0,0.256824,0.002334
1498,0,0.321580,0.011786
1503,0,0.282781,0.000477
1508,0,0.521900,0.170908
1513,0,0.382081,0.014910
1518,0,0.330321,0.003039
1523,0,0.402233,0.004379
1528,0,0.496595,0.248870
1533,0,0.427780,0.243848
1538,0,0.259630,0.002025
1543,0,0.532324,0.004497
1548,0,0.441869,0.004401
1553,0,0.558203,0.331268
1558,0,0.605559,0.647166
1563,0,0.488597,0.264971
1568,0,0.442680,0.171658
1573,0,0.652235,0.021771
1578,0,0.419766,0.068969
1583,0,0.683984,0.152051
1588,0,0.469442,0.045885
1593,0,0.504325,0.628911
1598,0,0.521263,0.017803
1603,0,0.371775,0.000010
1608,0,0.621303,0.068293
1613,0,0.398738,0.006622
1618,0,0.544716,0.441985
1623,0,0.291400,0.001765
1628,0,0.526847,0.370933
1633,0,0.676909,0.015712
1638,0,0.304191,0.023338
1643,0,0.400053,0.007732
1648,0,0.554934,0.157563
1653,0,0.401687,0.378692
1658,0,0.504700,0.004151
1663,0,0.501494,0.275710
1668,0,0.405243,0.066075
1673,0,0.390545,0.001619
1678,0,0.489260,0.799871
1683,0,0.444740,0.041329
1688,0,0.385648,0.095405
1693,0,0.552048,0.000661
1698,0,0.364104,0.100272
1703,0,0.400766,0.000572
1708,0,0.464374,0.227905
1713,0,0.503595,0.296102
1718,0,0.481220,0.870020
1723,0,0.512833,0.039471
1728,0,0.494753,0.150141
1733,0,0.506353,0.640216
1738,0,0.478083,0.357628
1743,0,0.311616,0.149298
1748,0,0.534642,0.056658
1753,0,0.442224,0.013800
1758,0,0.447135,0.000948
1763,0,0.469297,0.763530
1768,0,0.850019,0.976815
1773,0,0.608921,0.334089
1778,0,0.452107,0.009242
1783,0,0.382595,0.000297
1788,0,0.391557,0.164514
1793,0,0.349600,0.005593
1798,0,0.301528,0.023871
1803,0,0.492277,0.012927
1808,0,0.507135,0.546931
1813,0,0.359147,0.266989
1818,0,0.453241,0.070182
1823,0,0.492593,0.522235
1828,0,0.412543,0.000000
1833,0,0.487805,0.017044
1838,0,0.339581,0.014961
1843,0,0.402656,0.841441
1848,0,0.316608,0.000121
1853,0,0.461449,0.073645
1858,0,0.485167,0.843164
1863,0,0.319150,0.641740
1868,0,0.308763,0.003303
1873,0,0.378566,0.000003
1878,0,0.254367,0.040642
1883,0,0.419174,0.053960
1888,0,0.518418,0.226844
1893,0,0.535710,0.977384
1898,0,0.504936,0.004939
1903,0,0.360499,0.000747
1908,0,0.287585,0.208085
1913,0,0.398797,0.003139
1918,0,0.291275,0.002823
1923,0,0.501507,0.898618
1928,0,0.467992,0.000764
1933,0,0.375010,0.067957
1938,0,0.625957,0.561999
1943,0,0.364873,0.009442
1948,0,0.442773,0.113016
1953,0,0.441297,0.002408
1958,0,0.476279,0.003267
1963,0,0.355841,0.025086
1968,0,0.508541,0.009416
1973,0,0.485942,0.031470
1978,0,0.356789,0.002824
1983,0,0.586923,0.246388
2003,0,0.438968,0.077567
2013,0,0.477403,0.055117
2018,0,0.486270,0.024024
2023,0,0.268576,0.002235
2048,0,0.355587,0.005588
2063,0,0.684908,0.989687
2068,0,0.553131,0.136904
2073,0,0.251318,0.000012
2078,0,0.524323,0.030774
2083,0,0.486111,0.018024
2088,0,0.396749,0.000137
2093,0,0.517086,0.489807
2098,0,0.495825,0.000816
2103,0,0.240503,0.000304
2108,0,0.479849,0.802055
2113,0,0.549213,0.109563
2118,0,0.303955,0.004434
2123,0,0.404833,0.756073
2128,0,0.541652,0.212437
2133,0,0.357085,0.025046
2138,0,0.430358,0.017141
2143,0,0.556967,0.008630
2148,0,0.497517,0.005732
2153,0,0.537857,0.052761
2158,0,0.488769,0.240672
2163,0,0.409490,0.022043
2168,0,0.432079,0.041196
2173,0,0.379207,0.004627
2178,0,0.471654,0.013461
2183,0,0.358257,0.001887
2188,0,0.512209,0.340024
2193,0,0.324989,0.002365
2198,0,0.469177,0.017335
2203,0,0.411916,0.854882
2208,0,0.389835,0.001806
2213,0,0.472720,0.002260
2218,0,0.480299,0.071522
2223,0,0.370326,0.015127
2228,0,0.407830,0.148711
2233,0,0.538149,0.344378
2238,0,0.697359,0.738810
2243,0,0.639425,0.082967
2248,0,0.474744,0.012733
2253,0,0.257406,0.007547
2258,0,0.602276,0.835258
2263,0,0.373326,0.023055
2268,0,0.491558,0.946409
2273,0,0.436469,0.274251
2278,0,0.546388,0.046683
2283,0,0.345845,0.000002
2288,0,0.497010,0.003696
2293,0,0.590035,0.982272
2298,0,0.468493,0.147746
2303,0,0.427099,0.000075
2308,0,0.345523,0.004428
2313,0,0.709379,0.964851
2318,0,0.368261,0.127253
2323,0,0.603812,0.832661
2328,0,0.471873,0.941522
2333,0,0.419676,0.006800
2338,0,0.217598,0.015458
2343,0,0.685992,0.359740
2348,0,0.532674,0.265700
2353,0,0.422876,0.028221
2358,0,0.489679,0.163035
2363,0,0.439253,0.041023
2368,0,0.460280,0.659257
2373,0,0.456158,0.113346
2378,0,0.305513,0.016201
2383,0,0.401004,0.570870
2388,0,0.446361,0.006556
2393,0,0.567379,0.442089
2398,0,0.376804,0.319845
2403,0,0.501234,0.088118
2408,0,0.460012,0.347887
2413,0,0.568137,0.846726
2418,0,0.544203,0.078238
2423,0,0.300921,0.012223
2428,0,0.367613,0.002739
2433,0,0.336959,0.065598
2438,0,0.630088,0.738758
2443,0,0.426936,0.128187
2448,0,0.443186,0.000498
2453,0,0.402811,0.001958
2458,0,0.364231,0.004790
2463,0,0.467130,0.422248
2468,0,0.504154,0.022332
2473,0,0.353209,0.069537
2478,0,0.421152,0.220383
2483,0,0.436966,0.002171
2488,0,0.517049,0.627403
2493,0,0.426792,0.029252
2498,0,0.312521,0.000029
2503,0,0.576072,0.113829
2508,0,0.353368,0.005250
2518,0,0.521608,0.033108
2523,0,0.354909,0.301601
2528,0,0.578077,0.030700
2533,0,0.459529,0.030196
2538,0,0.384895,0.049078
2543,0,0.519182,0.094688
2548,0,0.623001,0.309096
2553,0,0.422642,0.002931
2558,0,0.403446,0.046772
2563,0,0.501838,0.151366
2568,0,0.623457,0.137060
2573,0,0.468460,0.000618
2578,0,0.309491,0.023944
2583,0,0.279831,0.002336
2588,0,0.274688,0.087712
2593,0,0.527843,0.014834
2598,0,0.537280,0.374642
2608,0,0.456745,0.004907
2613,0,0.535134,0.461211
2618,0,0.406524,0.039063
2623,0,0.609330,0.362622
2628,0,0.475915,0.231853
2633,0,0.675301,0.972495
2638,0,0.479160,0.008535
2643,0,0.447165,0.157852
2648,0,0.554073,0.159290
2658,0,0.365218,0.057274
2663,0,0.289233,0.150315
2668,0,0.458467,0.720591
2673,0,0.354020,0.027886
2678,0,0.297733,0.006618
2683,0,0.491447,0.004179
2688,0,0.266286,0.056244
2693,0,0.436130,0.059804
2698,0,0.494980,0.562211
2703,0,0.657355,0.262268
2708,0,0.216176,0.000936
2713,0,0.253239,0.000045
2718,0,0.515216,0.628951
2723,0,0.488495,0.385321
2728,0,0.475016,0.025412
2733,0,0.198049,0.000057
2738,0,0.377200,0.128905
2743,0,0.478527,0.041944
2748,0,0.460668,0.076173
2753,0,0.569111,0.462257
2758,0,0.457843,0.565911
2763,0,0.407176,0.059757
2768,0,0.502971,0.403106
2773,0,0.653550,0.814072
2778,0,0.504596,0.364529
2783,0,0.445275,0.107848
2788,0,0.548196,0.423480
2793,0,0.427665,0.011029
2798,0,0.481540,0.002480
2803,0,0.674168,0.865178
2808,0,0.386835,0.000124
2813,0,0.477498,0.347689
2818,0,0.508021,0.006525
2823,0,0.612632,0.964119
2833,0,0.518922,0.995835
2838,0,0.625416,0.875443
2843,0,0.494244,0.084972
2848,0,0.415115,0.334935
2853,0,0.433604,0.014625
2858,0,0.599351,0.240609
2863,0,0.498243,0.992785
2868,0,0.614858,0.944146
2873,0,0.314315,0.005001
2878,0,0.563123,0.378103
2883,0,0.536031,0.181856
2888,0,0.539496,0.974578
2893,0,0.594534,0.682025
2898,0,0.414070,0.538186
2903,0,0.325282,0.001221
2908,0,0.507612,0.023319
2913,0,0.395583,0.067646
2918,0,0.413001,0.045254
2933,0,0.545298,0.789315
2938,0,0.389179,0.008482
2943,0,0.344109,0.000494
2948,0,0.560674,0.702785
2953,0,0.323849,0.001694
2958,0,0.454657,0.089820
2963,0,0.460730,0.014420
2968,0,0.464868,0.053450
2973,0,0.328494,0.046536
2978,0,0.602171,0.529089
2983,0,0.655658,0.293776
2988,0,0.557836,0.094003
2998,0,0.495430,0.400307
3003,0,0.493508,0.047948
3008,0,0.399304,0.010109
3013,0,0.464709,0.186393
3018,0,0.251795,0.007080
3023,0,0.449612,0.452226
3028,0,0.382862,0.537627
3033,0,0.421986,0.310631
3038,0,0.487681,0.198083
3043,0,0.371351,0.060271
3048,0,0.360212,0.141653
3053,0,0.410626,0.148348
3058,0,0.437693,0.188308
3068,0,0.350161,0.000802
3073,0,0.320079,0.000002
3078,0,0.510474,0.006780
3083,0,0.529388,0.477043
3088,0,0.539540,0.958161
3093,0,0.341030,0.006982
3098,0,0.269503,0.000736
3103,0,0.479906,0.041876
3108,0,0.449799,0.006362
3113,0,0.648632,0.922078
3118,0,0.411521,0.002295
3123,0,0.522077,0.105778
3128,0,0.340538,0.004151
3133,0,0.355051,0.008183
3138,0,0.447541,0.017946
3143,0,0.538689,0.056187
3148,0,0.366673,0.000623
3153,0,0.427797,0.166676
3158,0,0.474305,0.002999
3163,0,0.354063,0.093914
3168,0,0.754424,0.996973
3173,0,0.506261,0.149392
3178,0,0.644858,0.073760
3183,0,0.597554,0.008111
3193,0,0.319528,0.006203
3198,0,0.375285,0.003059
3203,0,0.412414,0.599991
3208,0,0.432513,0.108741
3213,0,0.453594,0.408490
3218,0,0.401621,0.358877
3223,0,0.469595,0.912880
3228,0,0.272468,0.005804
3233,0,0.433408,0.004801
3238,0,0.387132,0.002783
3243,0,0.239446,0.000148
3248,0,0.314328,0.065380
3253,0,0.342948,0.000123
3258,0,0.341221,0.000157
3263,0,0.559480,0.380157
3268,0,0.598457,0.768719
3273,0,0.324033,0.000422
3278,0,0.372820,0.000624
3283,0,0.441676,0.029565
3288,0,0.398532,0.883871
3293,0,0.416073,0.000181
3298,0,0.398208,0.026965
3303,0,0.520760,0.596818
3308,0,0.546206,0.054665
3313,0,0.351060,0.000055
3318,0,0.383891,0.001200
3323,0,0.353067,0.003726
3328,0,0.256317,0.000003
3333,0,0.458729,0.016967
3338,0,0.209763,0.000004
3343,0,0.528665,0.112716
3348,0,0.468880,0.004280
3353,0,0.257754,0.000261
3358,0,0.416310,0.030809
3363,0,0.471951,0.090321
3368,0,0.627273,0.991241
3373,0,0.263886,0.012187
3378,0,0.170762,0.000006
3383,0,0.661669,0.986945
3388,0,0.291774,0.020265
3393,0,0.291012,0.006034
3398,0,0.503612,0.001885
3403,0,0.380304,0.024123
3408,0,0.473494,0.438731
3413,0,0.345895,0.022542
3418,0,0.348547,0.121787
3428,0,0.278690,0.004741
3433,0,0.365878,0.006869
3438,0,0.328343,0.015041
3443,0,0.470691,0.091109
3448,0,0.275842,0.006595
3453,0,0.453605,0.363783
3458,0,0.564839,0.272134
3463,0,0.558325,0.206044
3468,0,0.483125,0.173587
3473,0,0.402666,0.000152
3478,0,0.264765,0.001356
3483,0,0.283850,0.001585
3493,0,0.325448,0.002294
3498,0,0.371809,0.002040
3503,0,0.606350,0.121004
3508,0,0.470081,0.181723
3513,0,0.431049,0.293687
3518,0,0.384242,0.015208
3523,0,0.451699,0.016799
3528,0,0.579344,0.782376
3533,0,0.579407,0.157080
3538,0,0.330198,0.046367
3553,0,0.471832,0.110916
3558,0,0.498430,0.234413
3563,0,0.497467,0.000760
3568,0,0.351211,0.000481
3573,0,0.354995,0.002107
3578,0,0.474563,0.002239
3583,0,0.481645,0.254515
3588,0,0.440039,0.014479
3593,0,0.529334,0.280602
3598,0,0.301633,0.000986
3603,0,0.363618,0.026985
3608,0,0.250488,0.000000
3613,0,0.453445,0.453690
3618,0,0.545790,0.888904
3623,0,0.499078,0.980128
3628,0,0.323202,0.002619
3633,0,0.527193,0.057533
3638,0,0.339989,0.036104
3643,0,0.274941,0.000827
3648,0,0.487825,0.126473
3653,0,0.489453,0.000717
3658,0,0.443155,0.006108
3663,0,0.370671,0.056113
3668,0,0.223282,0.000191
3673,0,0.480123,0.522196
3678,0,0.442933,0.065037
3683,0,0.346806,0.011823
3688,0,0.239692,0.007727
3693,0,0.434660,0.008352
3698,0,0.364633,0.005039
3703,0,0.391158,0.004294
3708,0,0.509424,0.046890
3713,0,0.554307,0.338678
3718,0,0.334885,0.000072
3723,0,0.405882,0.836984
3728,0,0.415245,0.001002
3733,0,0.550301,0.107483
3738,0,0.602709,0.129657
3743,0,0.360149,0.045049
3748,0,0.354511,0.011348
3753,0,0.468129,0.064124
3758,0,0.465559,0.074510
3763,0,0.368664,0.155088
3768,0,0.396449,0.005901
3773,0,0.578682,0.677291
3778,0,0.441425,0.378799
3783,0,0.419094,0.001511
3788,0,0.287632,0.015235
3793,0,0.408954,0.000324
3798,0,0.367968,0.003472
3803,0,0.442283,0.215935
3808,0,0.500399,0.080117
3813,0,0.407053,0.765770
3818,0,0.418017,0.497081
3823,0,0.655750,0.971335
3828,0,0.518747,0.115089
3833,0,0.363785,0.252561
3838,0,0.499851,0.942739
3843,0,0.428414,0.014647
3848,0,0.464712,0.025483
3853,0,0.466179,0.058816
3858,0,0.390437,0.030409
3863,0,0.505810,0.013133
3868,0,0.317480,0.003214
3873,0,0.228474,0.327671
3878,0,0.440728,0.041047
3883,0,0.397751,0.222669
3888,0,0.523157,0.728531
3893,0,0.264018,0.000895
3898,0,0.408758,0.071212
3903,0,0.503795,0.489863
3908,0,0.421955,0.002422
3913,0,0.545539,0.052619
3918,0,0.757585,0.531254
3923,0,0.415484,0.003610
3928,0,0.574387,0.770112
3933,0,0.466532,0.018100
3938,0,0.515237,0.018629
3943,0,0.440440,0.000578
3948,0,0.354939,0.294604
3963,0,0.328464,0.000023
3968,0,0.365668,0.011190
3973,0,0.554904,0.004976
3978,0,0.315482,0.019621
3983,0,0.565179,0.441486
3988,0,0.332219,0.001891
3993,0,0.457084,0.222965
4003,0,0.339770,0.006895
4008,0,0.548580,0.101479
4013,0,0.503231,0.037428
4018,0,0.522621,0.432952
4023,0,0.582137,0.764586
4028,0,0.675592,0.891959
4033,0,0.459510,0.123912
4038,0,0.518364,0.019201
4043,0,0.643480,0.009938
4053,0,0.393069,0.000137
4058,0,0.378474,0.040634
4063,0,0.420236,0.012578
4068,0,0.357097,0.000002
4073,0,0.436142,0.184915
4078,0,0.495622,0.450307
4083,0,0.544943,0.900398
4088,0,0.707915,0.679197
4093,0,0.392220,0.028734
4098,0,0.525843,0.056478
4103,0,0.448844,0.785915
4108,0,0.534224,0.065883
4113,0,0.387185,0.081568
4118,0,0.464644,0.808841
4123,0,0.580663,0.405844
4128,0,0.607431,0.786126
4133,0,0.548542,0.990903
4138,0,0.690281,0.991457
4143,0,0.548498,0.013190
4148,0,0.541560,0.037891
4153,0,0.502174,0.099517
4158,0,0.456300,0.723509
4163,0,0.546815,0.283608
4168,0,0.480886,0.997350
4173,0,0.410805,0.000043
4178,0,0.507093,0.200213
4183,0,0.505318,0.730186
4198,0,0.434911,0.255141
4223,0,0.423963,0.031451
4263,0,0.551787,0.994176
4273,0,0.405187,0.020347
4278,0,0.582855,0.700879
4283,0,0.530505,0.351139
4288,0,0.580488,0.949437
4293,0,0.469942,0.050192
4298,0,0.283165,0.001715
4303,0,0.477558,0.403164
4323,0,0.478343,0.000019
4333,0,0.607401,0.280568
4338,0,0.280963,0.000025
4343,0,0.534469,0.059344
4348,0,0.243761,0.019827
4353,0,0.329405,0.000428
4358,0,0.490187,0.006345
4363,0,0.411449,0.025244
4368,0,0.347538,0.000361
4373,0,0.536194,0.598365
4378,0,0.386539,0.000003
4383,0,0.563553,0.571514
4388,0,0.403353,0.047550
4393,0,0.396948,0.002697
4398,0,0.489952,0.029423
4403,0,0.535496,0.083914
4408,0,0.471972,0.951526
4413,0,0.502146,0.094170
4418,0,0.537924,0.241113
4423,0,0.458240,0.001761
4428,0,0.432269,0.011883
4433,0,0.332854,0.019097
4438,0,0.469086,0.036784
4443,0,0.429309,0.094092
4448,0,0.575184,0.112219
4453,0,0.602703,0.835167
4458,0,0.467870,0.000374
4463,0,0.292579,0.028801
4468,0,0.473913,0.811866
4473,0,0.479415,0.032657
4478,0,0.376315,0.066577
4483,0,0.347931,0.000002
4488,0,0.393121,0.023185
4493,0,0.589694,0.026778
4498,0,0.524276,0.251934
4503,0,0.373727,0.003887
4508,0,0.327585,0.004029
4513,0,0.427732,0.001508
4518,0,0.595048,0.226622
4523,0,0.520787,0.100151
4528,0,0.415030,0.002593
4533,0,0.385869,0.005611
4538,0,0.555664,0.816403
4543,0,0.189780,0.000002
4548,0,0.575354,0.713173
4553,0,0.342538,0.006764
4558,0,0.434234,0.004101
4563,0,0.496305,0.064763
